manifest	37d52cd066e8e080a4212b6b18b35955bd78c2a7ebbda51edae606d285d14016	-
	.gitignore	100644	f178438a5d79a10ac53ecd44ca4b6b780ed64e30d13f2a27149810b7414b4b4b
	README.md	100644	34b4b3e2e3219df7f969dfc12e10eec3237fc987ca3a6c3e6f04471a24f76fd3
	THIRD_PARTY_NOTICES.md	100644	d32c992ea64eceb5112ddb82669f57a2545dabe2b8e8fa0fe0ec1e7a1f14a840
	eslint.config.mjs	100644	be4042e198f248b7a5dc9cf4736d67c71a3dad62bf78356653886acbc4ae0d42
	package-lock.json	100644	71d6f8e24de8b75b8fe28afb463cc11e676b07677a7903fc75fa6bbd19eaab25
	package.json	100644	1fecb6ad961e67c82d6391a4c0a43d3b08d861e3c824d267646da9b7d5d0693c
	runtime/core.mjs	100644	89ef5e079268a99071857ddc8a8be9f1ce284c520706d5e0cccdb7899264ef0e
	runtime/errors.mjs	100644	4ed0522cc14f5e161784c895a501f531f367d23e5ed4eb05e9ea4fd2c0e2621d
	runtime/guest-io.mjs	100644	83029edba0b83d997128c5b37c2ccc6871b29e936fec0270b685e67998d02c98
	runtime/lifecycle.mjs	100644	561812cde35035ca9027c62451e09e083984b2f0271656845a43ae9078c01bad
	runtime/node/api.mjs	100644	76f8a9ef86735d92362f4c9c2dea0e7394e48a5b03a2824bee87775cab3e241f
	runtime/node/package-worker.mjs	100644	7718301c13a649c4f668e99448017c306180a3e924bf8af9082cc88f8297f6ef
	runtime/protocol.mjs	100644	06766e64cb94b1e9f1d125de3f1714eb175246971110b5cb87a23eb16899b88d
	runtime/public.mjs	100644	cdbd19fc4411300f7baf1c1a4f90313a6b8fac3f458bc0d1a27b0fc8c0cf545d
	runtime/state.mjs	100644	208fade0d46a4f62e8d5f8f4a58bc34d0357f21649efb8e5033a73f7b19fefa1
	runtime/validation.mjs	100644	c63ad4af63f8b414181e5f6158d00076c621803cbc445648d50750bacbdcd1c3
	runtime/web/api.mjs	100644	df65113914e0fd12c9c178dc8ffe11b9a3573656ba0c17474a9cdfacb13f58fe
	runtime/web/package-worker.mjs	100644	a4da9efb261927674771a47f2f98422ea8d25a440b3f334957826e10a47dfc17
	runtime/worker-execution.mjs	100644	56bf43c54fe42e6580aac95bfce4096e4f2c229cdaa04d9ef5637871824e652f
	scripts/build-guests.sh	100644	a23bc3ebb32e2f1da1bc1a20b266b4a70cfd7e5bdfd22b1a075f16efbcd3dd7c
	scripts/package/coverage-inventory.json	100644	f54254cc565f6a31d27df9a090dc17dd594e66a690a77f5e3c6a2880b68c4c21
	scripts/package/coverage.mjs	100644	7cf8f88dc5c18a4b450ab92e417db63ce996b590720d49060e4b752a2c5e0125
	scripts/package/stage-package.mjs	100644	7066683c44a4ba11936d3e8e805866431c83e97e433e6802a0891df9fc3800f2
	scripts/package/verify-package.mjs	100644	dbd4f61087d8d0ae324c8d3743378c77b8ed17f88f80156f1caec61cac0b5a1a
	tests/package/browser-api.spec.mjs	100644	dae0ee9427a72dd9e3eef8a2b579e6bcbc59a9cfc0f4e899aca126e5801b5b62
	tests/package/browser-broker.spec.mjs	100644	5e474c2d5f18bffaf1fa5c5345712cee91bb032a4cbf63ac4db0660888265120
	tests/package/browser-errors.spec.mjs	100644	33bcfa9d0bc679343d49f5c8f8167ed466a236639acb85256868ddd8a7d2d4d2
	tests/package/browser-worker.spec.mjs	100644	60c4a046d3774e8078c65694986ca511a6053e3139408a15a03b6942fd66dd7c
	tests/package/consumer.spec.mjs	100644	19f6fc074c828e8d8776d2395ef7a833aa3707f4dae6aa11aa5bd45cb6df7d86
	tests/package/consumer.test.mjs	100644	93b81adb37876e8b841474055e2f8e289b6468f3109448d06490814a77ff1126
	tests/package/core.test.mjs	100644	aa472001074332e5c9db4830ea077f36a82b4ec779f68e4734f64b5eadf89866
	tests/package/coverage.test.mjs	100644	15ad754713e23757785932771b4a8fb47410bbfda7974ffc6c6e2c37e6b01637
	tests/package/errors.test.mjs	100644	8e77822f020aa24a693a04b75ef0e60fd757b968e65a04cf1b9e530dddc2c013
	tests/package/fixtures.mjs	100644	30cd09d83418ed58ddd3e5d89d071b92275cd2183c1640ba0fb0d77f43a1ed4b
	tests/package/fixtures/broker-child.mjs	100644	116d564eaa9a5e6b6161ef32f66f9ce85ba6ac683b1791c94a3e9318ad917cd4
	tests/package/fixtures/broker-request-worker.mjs	100644	ec55d8a836b181927cff8e1c4755b238493b475a60f8e105bf0ef0b2ef37752f
	tests/package/fixtures/browser-nested-child.mjs	100644	dea7cd8471c9e4cea327d066ab555a7c59c31a568c5c67a11f80dd59b8412b71
	tests/package/fixtures/browser-nested-observer.mjs	100644	4db3b504c7f4955241800bd4e456bdb214c3966f2b62a5bfd9f7ff252efa5392
	tests/package/fixtures/guest.rs	100644	4854c01738c6d430b23bad1db248e270ee313ba6634efcad6b218244aed8dc98
	tests/package/fixtures/inspect-worker.mjs	100644	73af371119461b47af938192dcd63914822f1f36ffcb3ccb292a29208a1d24e5
	tests/package/fixtures/node-nested-observer.mjs	100644	c6e7ece34a181a1f0504d7d6dee6fa2c978077f4bc3a2e4558f5b6a808acb74e
	tests/package/fixtures/quiet-worker.mjs	100644	9c80e80d3bb8a1aeffeb4b69a86b8fbc05746fcae3499f56821520dbf5c8d2bf
	tests/package/guest-io.test.mjs	100644	7839308b83fa6a39a9e2172b8ef9203677ed23c50dff89f2a9253afffa9ebd70
	tests/package/lifecycle.test.mjs	100644	3300fb543c0cace312317444a63037399624be316e66cd16be6bb88199f9a562
	tests/package/nested-worker.spec.mjs	100644	3447583e9e8866cd537b1b9d1839351b1391622c67609e398d18cd7418ed927e
	tests/package/nested-worker.test.mjs	100644	29f2dd429d414560f7b3c11b8fb8313900dd12ab1a605cc3952b42b6ca489e6e
	tests/package/node-api.test.mjs	100644	d6dd38c8733b3452999a39588a20d5cb74d7e017d912a5e13dce756d97d24fdb
	tests/package/node-worker.test.mjs	100644	2fe5ba0363fa2b803c798889bc0e62f0eba250760e68a070105237013456b5e4
	tests/package/pack.test.mjs	100644	e717609cf754ea7d227fe1b04d17973b2cdf2a2ac9df4ec15464ff8c9b087218
	tests/package/playwright.config.mjs	100644	0a5af57ae83d8317227f8e7c177274ee8207f3c5a6701de3a33a47fffd657cf8
	tests/package/protocol.test.mjs	100644	ce62542457e962bde9092dacb817d5e285cf82d060d0660677c8c1acc8589b14
	tests/package/public.test.mjs	100644	1e3aca8ee479a5e837003e0fb9e9e8532c3f1064d799d531edda5135a9eb671d
	tests/package/runner-ready.test.mjs	100644	85c99443a2518a634b32072ab2e4708150a9b672b0e93626fdb8ffbf283333b1
	tests/package/state.test.mjs	100644	a9c550346c75265f75da4e4578a78de3250ca0dfdf76466bc595359b56ca62e6
	tests/package/tsconfig.json	100644	e2238fe4b3896d83c7803d9663e3343d3cfe71123ecd87b06c21cad936605b3b
	tests/package/types-invalid.ts	100644	8cd84af5f2f1955779e352102855e9d86e9fd9881077f6d86b5b9cb8b0ed4ccd
	tests/package/types-valid.ts	100644	eb548277bc2ec7c0a390e5a7a28ae91274c770da92413cf4b4c7d3b3fb73aa3e
	tests/package/types.test.mjs	100644	e5fe45d9a98b576d7636e5080fe4a6c3cb9c3720ef0ba7089423fcdab9caf006
	tests/package/validation.test.mjs	100644	2cb641bed0d2c7671a412e9965ad175d89ec9b95a38e140d907f3536608453f1
	tests/package/worker-execution.test.mjs	100644	ec8b432b08ba9871ed1356db1c08e4ed3971a4586368f82513084c4c765d11fb
	types/browser.d.ts	100644	eb4d20af4024dd1df109896d469076e209ee125d3d9b91f72c0f92f1481b97ba
	types/index.d.ts	100644	b01c5cf786ef69d40d3a253ab13000da0141a31548c29c54a3f561530b5107fa
	types/node.d.ts	100644	eb4d20af4024dd1df109896d469076e209ee125d3d9b91f72c0f92f1481b97ba
