manifest	0f795c0086392b946ce20fa02f7a8df6b9c8f65bceaf380fe243411505aff233	-
	docs/guest-distribution.md	100644	db2a5a95ccf235430895b0d3d41b3cb83b117a6cd1a3902256c8f261e46929d2
	integration/terrarium/guest-distribution/fixtures.mjs	100644	3ae3a6e923afe3514294991965d2cef9502c3d8388ec1932f8394c95897292ce
	integration/terrarium/guest-distribution/index.d.ts	100644	1458cd7416d39cc34d5a4ced4e9ca2be193b789911e9ca1092bc4e658e46ad58
	integration/terrarium/guest-distribution/manifest.mjs	100644	e03ee62d8b438806a2ca50e687ed66562c4415a571edc9a71717e9b5784f2bf5
	integration/terrarium/guest-distribution/resolver.d.mts	100644	7d943e10e43a63799414a5f581c0277fed760f2e64b314097af512ccd96e6425
	integration/terrarium/guest-distribution/resolver.mjs	100644	aab15f45b4e355d453c39532393728221299d656b8dfd47826380dc6a070feec
	scripts/guest-distribution/coverage.mjs	100644	7ba27f2b248b21592847e4bb84a497eb22e32ce6437e9f2bdd86078df0ac292d
	scripts/guest-distribution/stage.mjs	100644	fc6f749d35a64517945d7a0e503e4bd26ec5d4fd53baf2992bacf26372527ef4
	tests/guest-distribution/consumer.spec.mjs	100644	c86c03a3288e7102a57fce53d5f9e2cb8f9809b427c0f5aa2b75a180e6663b8f
	tests/guest-distribution/eslint.config.mjs	100644	cb1723b6bb74a8ee95f39547e3147912b4d805b3104d2c9b449898409807a5c2
	tests/guest-distribution/fixtures.test.mjs	100644	96bd47169f8fe2362fca4f190dbcec5d6094b37a5fc476f3c59339b53012f399
	tests/guest-distribution/integration.test.mjs	100644	dbe119646448df2227b5eaea8641da1c1100e2cf111ecd0a663ed0e8b5e8832c
	tests/guest-distribution/manifest.test.mjs	100644	88aedee3bf3d183979c4bb3c679a42903dc314375bf51122affc0f5933bb46cc
	tests/guest-distribution/playwright.config.mjs	100644	da287c3e3e2aa49246e254ee5ed42fe91169430602851425abcdbc8546f1eebf
	tests/guest-distribution/resolver.test.mjs	100644	b3ecfe614e26ade073557191799daf5e17544eb136270ae64bb1cc7daf25c536
	tests/guest-distribution/serve.mjs	100644	194b5ef95eff850f2050c8e8aa985275ca21b500ad83adb554b43215e512de80
	tests/guest-distribution/stage.test.mjs	100644	da53ebeee804b76ed6b32b6ead74b78c39611814a0195e733807267e9d3d808c
	tests/guest-distribution/tsconfig.json	100644	b040907faf28f6c4d4ea44bbb0e7d61200f1340e886508c6348764159c8afcf2
	tests/guest-distribution/types.ts	100644	72c94e9a9f490aad153896b6cc2bdb179c7f55210bf6b7a6a99283c6792ab9c8
